Timestamp,X,Y,Z
2025-04-06 16:19:29,171.0,88.0,0.0
2025-04-06 16:19:29,171.0,88.0,0.0
2025-04-06 16:19:29,171.0,88.0,0.0
2025-04-06 16:19:30,171.0,88.0,0.0
2025-04-06 16:19:30,171.0,88.0,0.0
2025-04-06 16:19:30,171.0,88.0,0.0
2025-04-06 16:19:30,171.0,88.0,0.0
2025-04-06 16:19:30,171.0,88.0,0.0
2025-04-06 16:19:30,171.0,88.0,0.0
2025-04-06 16:19:30,171.0,88.0,0.0
2025-04-06 16:19:30,171.0,88.0,0.0
2025-04-06 16:19:31,171.0,88.0,0.0
2025-04-06 16:19:31,171.0,88.0,0.0
2025-04-06 16:19:31,171.0,88.0,0.0
2025-04-06 16:19:31,171.0,88.0,0.0
2025-04-06 16:19:31,171.0,88.0,0.0
2025-04-06 16:19:31,171.0,88.0,0.0
2025-04-06 16:19:31,171.0,88.0,0.0
2025-04-06 16:19:31,171.0,88.0,0.0
2025-04-06 16:19:32,171.0,88.0,0.0
2025-04-06 16:19:32,171.0,88.0,0.0
2025-04-06 16:19:32,171.0,88.0,0.0
2025-04-06 16:19:32,171.0,88.0,0.0
2025-04-06 16:19:32,171.0,88.0,0.0
2025-04-06 16:19:32,171.0,88.0,0.0
2025-04-06 16:19:32,171.0,88.0,0.0
2025-04-06 16:19:32,171.0,88.0,0.0
2025-04-06 16:19:32,171.0,88.0,0.0
2025-04-06 16:19:33,171.0,88.0,0.0
2025-04-06 16:19:33,171.0,88.0,0.0
2025-04-06 16:19:33,171.0,88.0,0.0
2025-04-06 16:19:33,171.0,88.0,0.0
2025-04-06 16:19:33,171.0,88.0,0.0
2025-04-06 16:19:33,171.0,88.0,0.0
2025-04-06 16:19:33,171.0,88.0,0.0
2025-04-06 16:19:33,171.0,88.0,0.0
2025-04-06 16:19:34,171.0,88.0,0.0
2025-04-06 16:19:34,171.0,88.0,0.0
2025-04-06 16:19:34,171.0,88.0,0.0
2025-04-06 16:19:36,171.0,88.0,0.0
2025-04-06 16:19:36,171.0,88.0,0.0
2025-04-06 16:19:36,171.0,88.0,0.0
2025-04-06 16:19:36,171.0,88.0,0.0
2025-04-06 16:19:36,171.0,88.0,0.0
2025-04-06 16:19:36,171.0,88.0,0.0
2025-04-06 16:19:36,171.0,88.0,0.0
2025-04-06 16:19:36,171.0,88.0,0.0
2025-04-06 16:19:36,171.0,88.0,0.0
2025-04-06 16:19:36,171.0,88.0,0.0
2025-04-06 16:19:36,171.0,88.0,0.0
2025-04-06 16:19:36,171.0,88.0,0.0
2025-04-06 16:19:36,171.0,88.0,0.0
2025-04-06 16:19:36,171.0,88.0,0.0
2025-04-06 16:19:36,171.0,88.0,0.0
2025-04-06 16:19:36,171.0,88.0,0.0
2025-04-06 16:19:36,171.0,88.0,0.0
2025-04-06 16:19:37,171.0,88.0,0.0
2025-04-06 16:19:37,171.0,88.0,0.0
2025-04-06 16:19:37,171.0,88.0,0.0
2025-04-06 16:19:37,171.0,88.0,0.0
2025-04-06 16:19:37,171.0,88.0,0.0
2025-04-06 16:19:37,171.0,88.0,0.0
2025-04-06 16:19:37,171.0,88.0,0.0
2025-04-06 16:19:38,171.0,88.0,0.0
2025-04-06 16:19:38,171.0,88.0,0.0
2025-04-06 16:19:38,171.0,88.0,0.0
2025-04-06 16:19:38,171.0,88.0,0.0
2025-04-06 16:19:38,171.0,88.0,0.0
2025-04-06 16:19:38,171.0,88.0,0.0
2025-04-06 16:19:38,171.0,88.0,0.0
2025-04-06 16:19:38,171.0,88.0,0.0
2025-04-06 16:19:39,171.0,88.0,0.0
2025-04-06 16:19:39,171.0,88.0,0.0
2025-04-06 16:19:39,171.0,88.0,0.0
2025-04-06 16:19:39,171.0,88.0,0.0
2025-04-06 16:19:39,171.0,88.0,0.0
2025-04-06 16:19:39,171.0,88.0,0.0
2025-04-06 16:19:39,171.0,88.0,0.0
2025-04-06 16:19:39,171.0,88.0,0.0
2025-04-06 16:19:40,171.0,88.0,0.0
2025-04-06 16:19:40,171.0,88.0,0.0
2025-04-06 16:19:40,171.0,88.0,0.0
2025-04-06 16:19:40,171.0,88.0,0.0
2025-04-06 16:19:40,171.0,88.0,0.0
2025-04-06 16:19:40,171.0,88.0,0.0
2025-04-06 16:19:40,171.0,88.0,0.0
2025-04-06 16:19:40,171.0,88.0,0.0
2025-04-06 16:19:41,171.0,88.0,0.0
2025-04-06 16:19:42,171.0,88.0,0.0
2025-04-06 16:19:42,171.0,88.0,0.0
2025-04-06 16:19:42,171.0,88.0,0.0
2025-04-06 16:19:42,171.0,88.0,0.0
2025-04-06 16:19:42,171.0,88.0,0.0
2025-04-06 16:19:42,171.0,88.0,0.0
2025-04-06 16:19:42,171.0,88.0,0.0
2025-04-06 16:19:42,171.0,88.0,0.0
2025-04-06 16:19:42,171.0,88.0,0.0
2025-04-06 16:19:42,171.0,88.0,0.0
2025-04-06 16:19:42,171.0,88.0,0.0
2025-04-06 16:19:42,171.0,88.0,0.0
2025-04-06 16:19:43,171.0,88.0,0.0
2025-04-06 16:19:43,171.0,88.0,0.0
2025-04-06 16:19:43,171.0,88.0,0.0
2025-04-06 16:19:43,171.0,88.0,0.0
2025-04-06 16:19:43,171.0,88.0,0.0
2025-04-06 16:19:43,171.0,88.0,0.0
2025-04-06 16:19:43,171.0,88.0,0.0
2025-04-06 16:19:43,171.0,88.0,0.0
2025-04-06 16:19:44,171.0,88.0,0.0
2025-04-06 16:19:44,171.0,88.0,0.0
2025-04-06 16:19:44,171.0,88.0,0.0
2025-04-06 16:19:44,171.0,88.0,0.0
2025-04-06 16:19:44,171.0,88.0,0.0
2025-04-06 16:19:44,171.0,88.0,0.0
2025-04-06 16:19:44,171.0,88.0,0.0
2025-04-06 16:19:45,171.0,88.0,0.0
2025-04-06 16:19:45,171.0,88.0,0.0
2025-04-06 16:19:45,171.0,88.0,0.0
2025-04-06 16:19:45,171.0,88.0,0.0
2025-04-06 16:19:45,171.0,88.0,0.0
2025-04-06 16:19:45,171.0,88.0,0.0
2025-04-06 16:19:45,171.0,88.0,0.0
2025-04-06 16:19:46,171.0,88.0,0.0
2025-04-06 16:19:46,171.0,88.0,0.0
2025-04-06 16:19:46,171.0,88.0,0.0
2025-04-06 16:19:46,171.0,88.0,0.0
2025-04-06 16:19:46,171.0,88.0,0.0
2025-04-06 16:19:46,171.0,88.0,0.0
2025-04-06 16:19:46,171.0,88.0,0.0
2025-04-06 16:19:46,171.0,88.0,0.0
2025-04-06 16:19:47,171.0,88.0,0.0
2025-04-06 16:19:47,171.0,88.0,0.0
2025-04-06 16:19:47,171.0,88.0,0.0
2025-04-06 16:19:47,171.0,88.0,0.0
2025-04-06 16:19:47,171.0,88.0,0.0
2025-04-06 16:19:47,171.0,88.0,0.0
2025-04-06 16:19:47,171.0,88.0,0.0
2025-04-06 16:19:49,171.0,88.0,0.0
2025-04-06 16:19:49,171.0,88.0,0.0
2025-04-06 16:19:49,171.0,88.0,0.0
2025-04-06 16:19:49,171.0,88.0,0.0
2025-04-06 16:19:49,171.0,88.0,0.0
2025-04-06 16:19:49,171.0,88.0,0.0
2025-04-06 16:19:49,171.0,88.0,0.0
2025-04-06 16:19:49,171.0,88.0,0.0
2025-04-06 16:19:49,171.0,88.0,0.0
2025-04-06 16:19:49,171.0,88.0,0.0
2025-04-06 16:19:49,171.0,88.0,0.0
2025-04-06 16:19:49,171.0,88.0,0.0
2025-04-06 16:19:49,171.0,88.0,0.0
2025-04-06 16:19:49,171.0,88.0,0.0
2025-04-06 16:19:50,171.0,88.0,0.0
2025-04-06 16:19:50,171.0,88.0,0.0
2025-04-06 16:19:50,171.0,88.0,0.0
2025-04-06 16:19:50,171.0,88.0,0.0
2025-04-06 16:19:50,171.0,88.0,0.0
2025-04-06 16:19:50,171.0,88.0,0.0
2025-04-06 16:19:50,171.0,88.0,0.0
2025-04-06 16:19:51,172.0,88.0,0.0
2025-04-06 16:19:51,272.0,88.0,0.0
2025-04-06 16:19:51,159.0,88.0,0.0
2025-04-06 16:19:51,170.0,89.0,0.0
2025-04-06 16:19:51,171.0,90.0,0.0
2025-04-06 16:19:51,283.0,91.0,0.0
2025-04-06 16:19:51,153.0,91.0,0.0
2025-04-06 16:19:51,34.0,91.0,0.0
2025-04-06 16:19:51,244.0,93.0,0.0
2025-04-06 16:19:51,129.0,93.0,0.0
2025-04-06 16:19:51,177.0,97.0,0.0
2025-04-06 16:19:51,54.0,94.0,0.0
2025-04-06 16:19:51,172.0,99.0,0.0
2025-04-06 16:19:51,54.0,98.0,0.0
2025-04-06 16:19:52,205.0,98.0,0.0
2025-04-06 16:19:52,48.0,97.0,0.0
2025-04-06 16:19:52,275.0,98.0,0.0
2025-04-06 16:19:52,128.0,97.0,0.0
2025-04-06 16:19:52,275.0,98.0,0.0
2025-04-06 16:19:52,129.0,98.0,0.0
2025-04-06 16:19:52,172.0,98.0,0.0
2025-04-06 16:19:52,44.0,97.0,0.0
2025-04-06 16:19:52,160.0,98.0,0.0
2025-04-06 16:19:52,208.0,98.0,0.0
2025-04-06 16:19:52,53.0,94.0,0.0
2025-04-06 16:19:52,235.0,98.0,0.0
2025-04-06 16:19:52,44.0,97.0,0.0
2025-04-06 16:19:53,172.0,98.0,0.0
2025-04-06 16:19:53,44.0,97.0,0.0
2025-04-06 16:19:53,169.0,98.0,0.0
2025-04-06 16:19:53,44.0,96.0,0.0
2025-04-06 16:19:53,205.0,98.0,0.0
2025-04-06 16:19:53,47.0,97.0,0.0
2025-04-06 16:19:53,274.0,98.0,0.0
2025-04-06 16:19:53,167.0,98.0,0.0
2025-04-06 16:19:53,55.0,97.0,0.0
2025-04-06 16:19:53,160.0,98.0,0.0
2025-04-06 16:19:53,171.0,98.0,0.0
2025-04-06 16:19:53,43.0,97.0,0.0
2025-04-06 16:19:53,274.0,98.0,0.0
2025-04-06 16:19:53,129.0,98.0,0.0
2025-04-06 16:19:53,43.0,96.0,0.0
2025-04-06 16:19:54,274.0,98.0,0.0
2025-04-06 16:19:54,118.0,98.0,0.0
2025-04-06 16:19:54,274.0,98.0,0.0
2025-04-06 16:19:54,126.0,98.0,0.0
2025-04-06 16:19:54,274.0,97.0,0.0
2025-04-06 16:19:54,128.0,97.0,0.0
2025-04-06 16:19:54,51.0,95.0,0.0
2025-04-06 16:19:54,168.0,96.0,0.0
2025-04-06 16:19:54,43.0,95.0,0.0
2025-04-06 16:19:54,160.0,95.0,0.0
2025-04-06 16:19:56,279.0,92.0,0.0
2025-04-06 16:19:56,128.0,92.0,0.0
2025-04-06 16:19:56,47.0,92.0,0.0
2025-04-06 16:19:56,56.0,101.0,0.0
2025-04-06 16:19:56,170.0,88.0,0.0
2025-04-06 16:19:56,170.0,88.0,0.0
2025-04-06 16:19:56,278.0,88.0,0.0
2025-04-06 16:19:56,128.0,88.0,0.0
2025-04-06 16:19:56,56.0,101.0,0.0
2025-04-06 16:19:56,278.0,88.0,0.0
2025-04-06 16:19:56,165.0,88.0,0.0
2025-04-06 16:19:56,56.0,102.0,0.0
2025-04-06 16:19:56,278.0,88.0,0.0
2025-04-06 16:19:56,165.0,88.0,0.0
2025-04-06 16:19:56,56.0,102.0,0.0
2025-04-06 16:19:56,278.0,88.0,0.0
2025-04-06 16:19:56,129.0,88.0,0.0
2025-04-06 16:19:56,278.0,88.0,0.0
2025-04-06 16:19:56,129.0,88.0,0.0
2025-04-06 16:19:56,47.0,88.0,0.0
2025-04-06 16:19:56,278.0,88.0,0.0
2025-04-06 16:19:56,117.0,88.0,0.0
2025-04-06 16:19:56,279.0,88.0,0.0
2025-04-06 16:19:56,117.0,88.0,0.0
2025-04-06 16:19:56,169.0,88.0,0.0
2025-04-06 16:19:56,278.0,88.0,0.0
2025-04-06 16:19:56,128.0,88.0,0.0
2025-04-06 16:19:56,278.0,88.0,0.0
2025-04-06 16:19:56,117.0,88.0,0.0
2025-04-06 16:19:56,278.0,88.0,0.0
2025-04-06 16:19:56,133.0,88.0,0.0
2025-04-06 16:19:56,170.0,88.0,0.0
2025-04-06 16:19:57,170.0,88.0,0.0
2025-04-06 16:19:57,170.0,88.0,0.0
2025-04-06 16:19:57,170.0,88.0,0.0
2025-04-06 16:19:57,170.0,88.0,0.0
2025-04-06 16:19:57,268.0,88.0,0.0
2025-04-06 16:19:57,117.0,88.0,0.0
2025-04-06 16:19:57,268.0,88.0,0.0
2025-04-06 16:19:57,117.0,88.0,0.0
2025-04-06 16:19:57,268.0,88.0,0.0
2025-04-06 16:19:57,117.0,88.0,0.0
2025-04-06 16:19:57,268.0,88.0,0.0
2025-04-06 16:19:57,117.0,88.0,0.0
2025-04-06 16:19:57,268.0,88.0,0.0
2025-04-06 16:19:57,117.0,88.0,0.0
2025-04-06 16:19:58,268.0,88.0,0.0
2025-04-06 16:19:58,117.0,88.0,0.0
2025-04-06 16:19:58,268.0,88.0,0.0
2025-04-06 16:19:58,117.0,88.0,0.0
2025-04-06 16:19:58,268.0,88.0,0.0
2025-04-06 16:19:58,117.0,88.0,0.0
2025-04-06 16:19:58,268.0,88.0,0.0
2025-04-06 16:19:58,117.0,88.0,0.0
2025-04-06 16:19:58,268.0,88.0,0.0
2025-04-06 16:19:58,117.0,88.0,0.0
2025-04-06 16:19:58,268.0,88.0,0.0
2025-04-06 16:19:58,117.0,88.0,0.0
2025-04-06 16:19:58,268.0,88.0,0.0
2025-04-06 16:19:58,117.0,88.0,0.0
2025-04-06 16:19:58,267.0,88.0,0.0
2025-04-06 16:19:58,117.0,88.0,0.0
2025-04-06 16:19:59,279.0,88.0,0.0
2025-04-06 16:19:59,117.0,88.0,0.0
2025-04-06 16:19:59,171.0,88.0,0.0
2025-04-06 16:19:59,171.0,88.0,0.0
2025-04-06 16:19:59,280.0,88.0,0.0
2025-04-06 16:19:59,132.0,88.0,0.0
2025-04-06 16:19:59,217.0,88.0,0.0
2025-04-06 16:19:59,89.0,102.0,0.0
2025-04-06 16:19:59,217.0,88.0,0.0
2025-04-06 16:19:59,89.0,102.0,0.0
2025-04-06 16:19:59,217.0,88.0,0.0
2025-04-06 16:19:59,89.0,102.0,0.0
2025-04-06 16:19:59,217.0,88.0,0.0
2025-04-06 16:19:59,89.0,102.0,0.0
2025-04-06 16:19:59,217.0,88.0,0.0
2025-04-06 16:20:00,89.0,102.0,0.0
2025-04-06 16:20:00,217.0,88.0,0.0
2025-04-06 16:20:00,89.0,102.0,0.0
2025-04-06 16:20:00,217.0,88.0,0.0
2025-04-06 16:20:00,89.0,102.0,0.0
2025-04-06 16:20:00,217.0,88.0,0.0
2025-04-06 16:20:00,89.0,102.0,0.0
2025-04-06 16:20:00,217.0,88.0,0.0
2025-04-06 16:20:00,89.0,102.0,0.0
2025-04-06 16:20:00,217.0,88.0,0.0
2025-04-06 16:20:00,89.0,102.0,0.0
2025-04-06 16:20:00,217.0,88.0,0.0
2025-04-06 16:20:00,89.0,102.0,0.0
2025-04-06 16:20:00,217.0,88.0,0.0
2025-04-06 16:20:00,89.0,102.0,0.0
2025-04-06 16:20:00,217.0,88.0,0.0
2025-04-06 16:20:00,89.0,102.0,0.0
2025-04-06 16:20:00,217.0,88.0,0.0
2025-04-06 16:20:01,89.0,102.0,0.0
2025-04-06 16:20:01,217.0,88.0,0.0
2025-04-06 16:20:01,89.0,102.0,0.0
2025-04-06 16:20:01,217.0,88.0,0.0
2025-04-06 16:20:01,89.0,102.0,0.0
2025-04-06 16:20:01,217.0,88.0,0.0
2025-04-06 16:20:01,89.0,102.0,0.0
2025-04-06 16:20:01,217.0,88.0,0.0
2025-04-06 16:20:03,89.0,102.0,0.0
2025-04-06 16:20:03,217.0,88.0,0.0
2025-04-06 16:20:03,89.0,102.0,0.0
2025-04-06 16:20:03,217.0,88.0,0.0
2025-04-06 16:20:03,89.0,102.0,0.0
2025-04-06 16:20:03,217.0,88.0,0.0
2025-04-06 16:20:03,89.0,102.0,0.0
2025-04-06 16:20:03,217.0,88.0,0.0
2025-04-06 16:20:03,89.0,102.0,0.0
2025-04-06 16:20:03,217.0,88.0,0.0
2025-04-06 16:20:03,89.0,102.0,0.0
2025-04-06 16:20:03,217.0,88.0,0.0
2025-04-06 16:20:03,89.0,102.0,0.0
2025-04-06 16:20:03,217.0,88.0,0.0
2025-04-06 16:20:03,89.0,102.0,0.0
2025-04-06 16:20:03,217.0,88.0,0.0
2025-04-06 16:20:03,89.0,102.0,0.0
2025-04-06 16:20:03,217.0,88.0,0.0
2025-04-06 16:20:03,89.0,102.0,0.0
2025-04-06 16:20:03,217.0,88.0,0.0
2025-04-06 16:20:03,89.0,102.0,0.0
2025-04-06 16:20:03,217.0,88.0,0.0
2025-04-06 16:20:03,89.0,102.0,0.0
2025-04-06 16:20:03,217.0,88.0,0.0
2025-04-06 16:20:03,89.0,102.0,0.0
2025-04-06 16:20:03,217.0,88.0,0.0
2025-04-06 16:20:03,89.0,102.0,0.0
2025-04-06 16:20:03,217.0,88.0,0.0
2025-04-06 16:20:03,89.0,102.0,0.0
2025-04-06 16:20:03,217.0,88.0,0.0
2025-04-06 16:20:03,89.0,102.0,0.0
2025-04-06 16:20:03,217.0,88.0,0.0
2025-04-06 16:20:03,89.0,102.0,0.0
2025-04-06 16:20:03,217.0,88.0,0.0
2025-04-06 16:20:03,89.0,102.0,0.0
2025-04-06 16:20:03,217.0,88.0,0.0
2025-04-06 16:20:04,89.0,102.0,0.0
2025-04-06 16:20:04,217.0,88.0,0.0
2025-04-06 16:20:04,89.0,102.0,0.0
2025-04-06 16:20:04,217.0,88.0,0.0
2025-04-06 16:20:04,89.0,102.0,0.0
2025-04-06 16:20:04,217.0,88.0,0.0
2025-04-06 16:20:04,89.0,102.0,0.0
2025-04-06 16:20:04,217.0,88.0,0.0
2025-04-06 16:20:04,89.0,102.0,0.0
2025-04-06 16:20:04,217.0,88.0,0.0
2025-04-06 16:20:04,89.0,102.0,0.0
2025-04-06 16:20:04,217.0,88.0,0.0
2025-04-06 16:20:04,89.0,102.0,0.0
2025-04-06 16:20:04,217.0,88.0,0.0
2025-04-06 16:20:04,89.0,102.0,0.0
2025-04-06 16:20:04,217.0,88.0,0.0
2025-04-06 16:20:04,89.0,102.0,0.0
2025-04-06 16:20:04,217.0,88.0,0.0
2025-04-06 16:20:05,89.0,102.0,0.0
2025-04-06 16:20:05,217.0,88.0,0.0
2025-04-06 16:20:05,89.0,102.0,0.0
2025-04-06 16:20:05,217.0,88.0,0.0
2025-04-06 16:20:05,89.0,102.0,0.0
2025-04-06 16:20:05,217.0,88.0,0.0
2025-04-06 16:20:05,89.0,102.0,0.0
2025-04-06 16:20:05,217.0,88.0,0.0
2025-04-06 16:20:05,89.0,102.0,0.0
2025-04-06 16:20:05,217.0,88.0,0.0
2025-04-06 16:20:05,89.0,102.0,0.0
2025-04-06 16:20:05,217.0,88.0,0.0
2025-04-06 16:20:05,89.0,102.0,0.0
2025-04-06 16:20:05,217.0,88.0,0.0
2025-04-06 16:20:05,89.0,102.0,0.0
2025-04-06 16:20:05,217.0,88.0,0.0
2025-04-06 16:20:06,89.0,102.0,0.0
2025-04-06 16:20:06,217.0,88.0,0.0
2025-04-06 16:20:06,89.0,102.0,0.0
2025-04-06 16:20:06,217.0,88.0,0.0
2025-04-06 16:20:06,89.0,102.0,0.0
2025-04-06 16:20:06,217.0,88.0,0.0
2025-04-06 16:20:06,89.0,102.0,0.0
2025-04-06 16:20:06,217.0,88.0,0.0
2025-04-06 16:20:06,89.0,102.0,0.0
2025-04-06 16:20:06,217.0,88.0,0.0
2025-04-06 16:20:06,89.0,102.0,0.0
2025-04-06 16:20:06,217.0,88.0,0.0
2025-04-06 16:20:06,89.0,102.0,0.0
2025-04-06 16:20:06,217.0,88.0,0.0
2025-04-06 16:20:06,89.0,102.0,0.0
2025-04-06 16:20:06,217.0,88.0,0.0
2025-04-06 16:20:06,89.0,102.0,0.0
2025-04-06 16:20:06,217.0,88.0,0.0
2025-04-06 16:20:06,89.0,102.0,0.0
2025-04-06 16:20:06,217.0,88.0,0.0
2025-04-06 16:20:07,89.0,102.0,0.0
2025-04-06 16:20:07,217.0,88.0,0.0
2025-04-06 16:20:07,89.0,102.0,0.0
2025-04-06 16:20:07,217.0,88.0,0.0
2025-04-06 16:20:07,89.0,102.0,0.0
2025-04-06 16:20:07,217.0,88.0,0.0
2025-04-06 16:20:07,89.0,102.0,0.0
2025-04-06 16:20:07,217.0,88.0,0.0
2025-04-06 16:20:07,89.0,102.0,0.0
2025-04-06 16:20:07,217.0,88.0,0.0
2025-04-06 16:20:07,89.0,102.0,0.0
2025-04-06 16:20:07,217.0,88.0,0.0
2025-04-06 16:20:07,89.0,102.0,0.0
2025-04-06 16:20:07,217.0,88.0,0.0
2025-04-06 16:20:07,89.0,102.0,0.0
2025-04-06 16:20:07,217.0,88.0,0.0
2025-04-06 16:20:08,89.0,102.0,0.0
2025-04-06 16:20:08,217.0,88.0,0.0
2025-04-06 16:20:09,89.0,102.0,0.0
2025-04-06 16:20:09,217.0,88.0,0.0
2025-04-06 16:20:09,89.0,102.0,0.0
2025-04-06 16:20:09,217.0,88.0,0.0
2025-04-06 16:20:09,89.0,102.0,0.0
2025-04-06 16:20:09,217.0,88.0,0.0
2025-04-06 16:20:09,89.0,102.0,0.0
2025-04-06 16:20:09,217.0,88.0,0.0
2025-04-06 16:20:09,89.0,102.0,0.0
2025-04-06 16:20:09,217.0,88.0,0.0
2025-04-06 16:20:09,89.0,102.0,0.0
2025-04-06 16:20:09,217.0,88.0,0.0
2025-04-06 16:20:09,89.0,102.0,0.0
2025-04-06 16:20:09,217.0,88.0,0.0
2025-04-06 16:20:09,89.0,102.0,0.0
2025-04-06 16:20:09,217.0,88.0,0.0
2025-04-06 16:20:09,89.0,102.0,0.0
2025-04-06 16:20:09,217.0,88.0,0.0
2025-04-06 16:20:09,89.0,102.0,0.0
2025-04-06 16:20:09,217.0,88.0,0.0
2025-04-06 16:20:09,89.0,102.0,0.0
2025-04-06 16:20:09,217.0,88.0,0.0
2025-04-06 16:20:09,89.0,102.0,0.0
2025-04-06 16:20:09,217.0,88.0,0.0
2025-04-06 16:20:10,89.0,102.0,0.0
2025-04-06 16:20:10,217.0,88.0,0.0
2025-04-06 16:20:10,89.0,102.0,0.0
2025-04-06 16:20:10,217.0,88.0,0.0
2025-04-06 16:20:10,89.0,102.0,0.0
2025-04-06 16:20:10,217.0,88.0,0.0
2025-04-06 16:20:10,89.0,102.0,0.0
2025-04-06 16:20:10,217.0,88.0,0.0
2025-04-06 16:20:10,89.0,102.0,0.0
2025-04-06 16:20:10,217.0,88.0,0.0
2025-04-06 16:20:10,89.0,102.0,0.0
2025-04-06 16:20:10,217.0,88.0,0.0
2025-04-06 16:20:10,89.0,102.0,0.0
2025-04-06 16:20:10,217.0,88.0,0.0
2025-04-06 16:20:11,89.0,102.0,0.0
2025-04-06 16:20:11,217.0,88.0,0.0
2025-04-06 16:20:11,89.0,102.0,0.0
2025-04-06 16:20:11,217.0,88.0,0.0
2025-04-06 16:20:11,89.0,102.0,0.0
2025-04-06 16:20:11,217.0,88.0,0.0
2025-04-06 16:20:11,89.0,102.0,0.0
2025-04-06 16:20:11,217.0,88.0,0.0
2025-04-06 16:20:11,89.0,102.0,0.0
2025-04-06 16:20:11,217.0,88.0,0.0
2025-04-06 16:20:11,89.0,102.0,0.0
2025-04-06 16:20:11,217.0,88.0,0.0
2025-04-06 16:20:11,89.0,102.0,0.0
2025-04-06 16:20:11,217.0,88.0,0.0
2025-04-06 16:20:11,89.0,102.0,0.0
2025-04-06 16:20:11,217.0,88.0,0.0
2025-04-06 16:20:12,89.0,102.0,0.0
2025-04-06 16:20:12,217.0,88.0,0.0
2025-04-06 16:20:12,89.0,102.0,0.0
2025-04-06 16:20:12,217.0,88.0,0.0
2025-04-06 16:20:12,89.0,102.0,0.0
2025-04-06 16:20:12,217.0,88.0,0.0
2025-04-06 16:20:12,89.0,102.0,0.0
2025-04-06 16:20:12,217.0,88.0,0.0
2025-04-06 16:20:12,89.0,102.0,0.0
2025-04-06 16:20:12,217.0,88.0,0.0
2025-04-06 16:20:12,89.0,102.0,0.0
2025-04-06 16:20:12,217.0,88.0,0.0
2025-04-06 16:20:12,89.0,102.0,0.0
2025-04-06 16:20:12,217.0,88.0,0.0
2025-04-06 16:20:12,89.0,102.0,0.0
2025-04-06 16:20:12,217.0,88.0,0.0
2025-04-06 16:20:13,89.0,102.0,0.0
2025-04-06 16:20:13,217.0,88.0,0.0
2025-04-06 16:20:13,89.0,102.0,0.0
2025-04-06 16:20:13,217.0,88.0,0.0
2025-04-06 16:20:13,89.0,102.0,0.0
2025-04-06 16:20:13,217.0,88.0,0.0
2025-04-06 16:20:13,89.0,102.0,0.0
2025-04-06 16:20:13,217.0,88.0,0.0
2025-04-06 16:20:13,89.0,102.0,0.0
2025-04-06 16:20:13,217.0,88.0,0.0
2025-04-06 16:20:13,89.0,102.0,0.0
2025-04-06 16:20:13,217.0,88.0,0.0
2025-04-06 16:20:13,89.0,102.0,0.0
2025-04-06 16:20:13,217.0,88.0,0.0
2025-04-06 16:20:13,89.0,102.0,0.0
2025-04-06 16:20:13,217.0,88.0,0.0
2025-04-06 16:20:13,89.0,102.0,0.0
2025-04-06 16:20:13,217.0,88.0,0.0
2025-04-06 16:20:14,89.0,102.0,0.0
2025-04-06 16:20:14,217.0,88.0,0.0
2025-04-06 16:20:14,89.0,102.0,0.0
2025-04-06 16:20:14,217.0,88.0,0.0
2025-04-06 16:20:14,89.0,102.0,0.0
2025-04-06 16:20:14,217.0,88.0,0.0
2025-04-06 16:20:14,89.0,102.0,0.0
2025-04-06 16:20:14,217.0,88.0,0.0
2025-04-06 16:20:14,89.0,102.0,0.0
2025-04-06 16:20:14,217.0,88.0,0.0
2025-04-06 16:20:14,89.0,102.0,0.0
2025-04-06 16:20:14,217.0,88.0,0.0
2025-04-06 16:20:14,89.0,102.0,0.0
2025-04-06 16:20:14,217.0,88.0,0.0
2025-04-06 16:20:14,89.0,102.0,0.0
2025-04-06 16:20:14,217.0,88.0,0.0
2025-04-06 16:20:16,89.0,102.0,0.0
2025-04-06 16:20:16,217.0,88.0,0.0
2025-04-06 16:20:16,89.0,102.0,0.0
2025-04-06 16:20:16,217.0,88.0,0.0
2025-04-06 16:20:16,89.0,102.0,0.0
2025-04-06 16:20:16,217.0,88.0,0.0
2025-04-06 16:20:16,89.0,102.0,0.0
2025-04-06 16:20:16,217.0,88.0,0.0
2025-04-06 16:20:16,89.0,102.0,0.0
2025-04-06 16:20:16,217.0,88.0,0.0
2025-04-06 16:20:16,89.0,102.0,0.0
2025-04-06 16:20:16,217.0,88.0,0.0
2025-04-06 16:20:16,89.0,102.0,0.0
2025-04-06 16:20:16,217.0,88.0,0.0
2025-04-06 16:20:16,89.0,102.0,0.0
2025-04-06 16:20:16,217.0,88.0,0.0
2025-04-06 16:20:16,89.0,102.0,0.0
2025-04-06 16:20:16,217.0,88.0,0.0
2025-04-06 16:20:16,89.0,102.0,0.0
2025-04-06 16:20:16,217.0,88.0,0.0
2025-04-06 16:20:16,89.0,102.0,0.0
2025-04-06 16:20:16,217.0,88.0,0.0
2025-04-06 16:20:16,89.0,102.0,0.0
2025-04-06 16:20:16,217.0,88.0,0.0
2025-04-06 16:20:16,89.0,102.0,0.0
2025-04-06 16:20:16,217.0,88.0,0.0
2025-04-06 16:20:16,89.0,102.0,0.0
2025-04-06 16:20:16,217.0,88.0,0.0
2025-04-06 16:20:16,89.0,102.0,0.0
2025-04-06 16:20:16,217.0,88.0,0.0
2025-04-06 16:20:17,89.0,102.0,0.0
2025-04-06 16:20:17,217.0,88.0,0.0
2025-04-06 16:20:17,89.0,102.0,0.0
2025-04-06 16:20:17,217.0,88.0,0.0
2025-04-06 16:20:17,89.0,102.0,0.0
2025-04-06 16:20:17,217.0,88.0,0.0
2025-04-06 16:20:17,89.0,102.0,0.0
2025-04-06 16:20:17,217.0,88.0,0.0
2025-04-06 16:20:17,89.0,102.0,0.0
2025-04-06 16:20:17,217.0,88.0,0.0
2025-04-06 16:20:17,89.0,102.0,0.0
2025-04-06 16:20:17,217.0,88.0,0.0
2025-04-06 16:20:17,89.0,102.0,0.0
2025-04-06 16:20:17,217.0,88.0,0.0
2025-04-06 16:20:17,89.0,102.0,0.0
2025-04-06 16:20:17,217.0,88.0,0.0
2025-04-06 16:20:17,89.0,102.0,0.0
2025-04-06 16:20:17,217.0,88.0,0.0
2025-04-06 16:20:18,89.0,102.0,0.0
2025-04-06 16:20:18,217.0,88.0,0.0
2025-04-06 16:20:18,89.0,102.0,0.0
2025-04-06 16:20:18,217.0,88.0,0.0
2025-04-06 16:20:18,89.0,102.0,0.0
2025-04-06 16:20:18,217.0,88.0,0.0
2025-04-06 16:20:18,89.0,102.0,0.0
2025-04-06 16:20:18,217.0,88.0,0.0
2025-04-06 16:20:18,89.0,102.0,0.0
2025-04-06 16:20:18,217.0,88.0,0.0
2025-04-06 16:20:18,89.0,102.0,0.0
2025-04-06 16:20:18,217.0,88.0,0.0
2025-04-06 16:20:18,89.0,102.0,0.0
2025-04-06 16:20:18,217.0,88.0,0.0
2025-04-06 16:20:18,89.0,102.0,0.0
2025-04-06 16:20:18,217.0,88.0,0.0
2025-04-06 16:20:19,89.0,102.0,0.0
2025-04-06 16:20:19,217.0,88.0,0.0
2025-04-06 16:20:19,89.0,102.0,0.0
2025-04-06 16:20:19,217.0,88.0,0.0
2025-04-06 16:20:19,89.0,102.0,0.0
2025-04-06 16:20:19,217.0,88.0,0.0
2025-04-06 16:20:19,89.0,102.0,0.0
2025-04-06 16:20:19,217.0,88.0,0.0
2025-04-06 16:20:19,89.0,102.0,0.0
2025-04-06 16:20:19,217.0,88.0,0.0
2025-04-06 16:20:19,89.0,102.0,0.0
2025-04-06 16:20:19,217.0,88.0,0.0
2025-04-06 16:20:19,89.0,102.0,0.0
2025-04-06 16:20:19,217.0,88.0,0.0
2025-04-06 16:20:19,89.0,102.0,0.0
2025-04-06 16:20:19,217.0,88.0,0.0
2025-04-06 16:20:19,89.0,102.0,0.0
2025-04-06 16:20:19,217.0,88.0,0.0
2025-04-06 16:20:20,89.0,102.0,0.0
2025-04-06 16:20:20,217.0,88.0,0.0
2025-04-06 16:20:20,89.0,102.0,0.0
2025-04-06 16:20:20,217.0,88.0,0.0
2025-04-06 16:20:20,89.0,102.0,0.0
2025-04-06 16:20:20,217.0,88.0,0.0
2025-04-06 16:20:20,89.0,102.0,0.0
2025-04-06 16:20:20,217.0,88.0,0.0
2025-04-06 16:20:20,89.0,102.0,0.0
2025-04-06 16:20:20,217.0,88.0,0.0
2025-04-06 16:20:20,89.0,102.0,0.0
2025-04-06 16:20:20,217.0,88.0,0.0
2025-04-06 16:20:20,89.0,102.0,0.0
2025-04-06 16:20:20,217.0,88.0,0.0
2025-04-06 16:20:20,89.0,102.0,0.0
2025-04-06 16:20:20,217.0,88.0,0.0
2025-04-06 16:20:20,89.0,102.0,0.0
2025-04-06 16:20:20,217.0,88.0,0.0
2025-04-06 16:20:21,89.0,102.0,0.0
2025-04-06 16:20:21,217.0,88.0,0.0
2025-04-06 16:20:21,89.0,102.0,0.0
2025-04-06 16:20:21,217.0,88.0,0.0
2025-04-06 16:20:21,89.0,102.0,0.0
2025-04-06 16:20:21,217.0,88.0,0.0
2025-04-06 16:20:21,89.0,102.0,0.0
2025-04-06 16:20:21,217.0,88.0,0.0
2025-04-06 16:20:21,89.0,102.0,0.0
2025-04-06 16:20:21,217.0,88.0,0.0
2025-04-06 16:20:23,89.0,102.0,0.0
2025-04-06 16:20:23,217.0,88.0,0.0
2025-04-06 16:20:23,89.0,102.0,0.0
2025-04-06 16:20:23,217.0,88.0,0.0
2025-04-06 16:20:23,89.0,102.0,0.0
2025-04-06 16:20:23,217.0,88.0,0.0
2025-04-06 16:20:23,89.0,102.0,0.0
2025-04-06 16:20:23,217.0,88.0,0.0
2025-04-06 16:20:23,89.0,102.0,0.0
2025-04-06 16:20:23,217.0,88.0,0.0
2025-04-06 16:20:23,89.0,102.0,0.0
2025-04-06 16:20:23,217.0,88.0,0.0
2025-04-06 16:20:23,89.0,102.0,0.0
2025-04-06 16:20:23,217.0,88.0,0.0
2025-04-06 16:20:23,89.0,102.0,0.0
2025-04-06 16:20:23,217.0,88.0,0.0
2025-04-06 16:20:23,89.0,102.0,0.0
2025-04-06 16:20:23,217.0,88.0,0.0
2025-04-06 16:20:23,89.0,102.0,0.0
2025-04-06 16:20:23,217.0,88.0,0.0
2025-04-06 16:20:23,89.0,102.0,0.0
2025-04-06 16:20:23,217.0,88.0,0.0
2025-04-06 16:20:23,89.0,102.0,0.0
2025-04-06 16:20:23,217.0,88.0,0.0
2025-04-06 16:20:23,89.0,102.0,0.0
2025-04-06 16:20:23,217.0,88.0,0.0
2025-04-06 16:20:23,89.0,102.0,0.0
2025-04-06 16:20:23,217.0,88.0,0.0
2025-04-06 16:20:23,89.0,102.0,0.0
2025-04-06 16:20:23,217.0,88.0,0.0
2025-04-06 16:20:23,89.0,102.0,0.0
2025-04-06 16:20:23,217.0,88.0,0.0
2025-04-06 16:20:23,89.0,102.0,0.0
2025-04-06 16:20:23,217.0,88.0,0.0
2025-04-06 16:20:24,89.0,102.0,0.0
2025-04-06 16:20:24,217.0,88.0,0.0
2025-04-06 16:20:24,89.0,102.0,0.0
2025-04-06 16:20:24,217.0,88.0,0.0
2025-04-06 16:20:24,89.0,102.0,0.0
2025-04-06 16:20:24,217.0,88.0,0.0
2025-04-06 16:20:24,89.0,102.0,0.0
2025-04-06 16:20:24,217.0,88.0,0.0
2025-04-06 16:20:24,89.0,102.0,0.0
2025-04-06 16:20:24,217.0,88.0,0.0
2025-04-06 16:20:24,89.0,102.0,0.0
2025-04-06 16:20:24,217.0,88.0,0.0
2025-04-06 16:20:24,89.0,102.0,0.0
2025-04-06 16:20:24,217.0,88.0,0.0
2025-04-06 16:20:24,89.0,102.0,0.0
2025-04-06 16:20:24,217.0,88.0,0.0
2025-04-06 16:20:24,89.0,102.0,0.0
2025-04-06 16:20:24,217.0,88.0,0.0
2025-04-06 16:20:25,89.0,102.0,0.0
2025-04-06 16:20:25,217.0,88.0,0.0
2025-04-06 16:20:25,89.0,102.0,0.0
2025-04-06 16:20:25,217.0,88.0,0.0
2025-04-06 16:20:25,89.0,102.0,0.0
2025-04-06 16:20:25,217.0,88.0,0.0
2025-04-06 16:20:25,89.0,102.0,0.0
2025-04-06 16:20:25,217.0,88.0,0.0
2025-04-06 16:20:25,89.0,102.0,0.0
2025-04-06 16:20:25,217.0,88.0,0.0
2025-04-06 16:20:25,89.0,102.0,0.0
2025-04-06 16:20:25,217.0,88.0,0.0
2025-04-06 16:20:25,89.0,102.0,0.0
2025-04-06 16:20:25,217.0,88.0,0.0
2025-04-06 16:20:25,89.0,102.0,0.0
2025-04-06 16:20:25,217.0,88.0,0.0
2025-04-06 16:20:25,89.0,102.0,0.0
2025-04-06 16:20:25,217.0,88.0,0.0
2025-04-06 16:20:26,89.0,102.0,0.0
2025-04-06 16:20:26,217.0,88.0,0.0
2025-04-06 16:20:26,89.0,102.0,0.0
2025-04-06 16:20:26,217.0,88.0,0.0
2025-04-06 16:20:26,89.0,102.0,0.0
2025-04-06 16:20:26,217.0,88.0,0.0
2025-04-06 16:20:26,89.0,102.0,0.0
2025-04-06 16:20:26,217.0,88.0,0.0
2025-04-06 16:20:26,89.0,102.0,0.0
2025-04-06 16:20:26,217.0,88.0,0.0
2025-04-06 16:20:26,89.0,102.0,0.0
2025-04-06 16:20:26,217.0,88.0,0.0
2025-04-06 16:20:26,89.0,102.0,0.0
2025-04-06 16:20:26,217.0,88.0,0.0
2025-04-06 16:20:26,89.0,102.0,0.0
2025-04-06 16:20:26,217.0,88.0,0.0
2025-04-06 16:20:27,89.0,102.0,0.0
2025-04-06 16:20:27,217.0,88.0,0.0
2025-04-06 16:20:27,89.0,102.0,0.0
2025-04-06 16:20:27,217.0,88.0,0.0
2025-04-06 16:20:27,89.0,102.0,0.0
2025-04-06 16:20:27,217.0,88.0,0.0
2025-04-06 16:20:27,89.0,102.0,0.0
2025-04-06 16:20:27,217.0,88.0,0.0
2025-04-06 16:20:27,89.0,102.0,0.0
2025-04-06 16:20:27,217.0,88.0,0.0
2025-04-06 16:20:27,89.0,102.0,0.0
2025-04-06 16:20:27,217.0,88.0,0.0
2025-04-06 16:20:27,89.0,102.0,0.0
2025-04-06 16:20:27,217.0,88.0,0.0
2025-04-06 16:20:27,89.0,102.0,0.0
2025-04-06 16:20:27,217.0,88.0,0.0
2025-04-06 16:20:27,89.0,102.0,0.0
2025-04-06 16:20:27,217.0,88.0,0.0
2025-04-06 16:20:28,89.0,102.0,0.0
2025-04-06 16:20:28,217.0,88.0,0.0
2025-04-06 16:20:28,89.0,102.0,0.0
2025-04-06 16:20:28,217.0,88.0,0.0
2025-04-06 16:20:29,89.0,102.0,0.0
2025-04-06 16:20:29,217.0,88.0,0.0
2025-04-06 16:20:29,89.0,102.0,0.0
2025-04-06 16:20:29,217.0,88.0,0.0
2025-04-06 16:20:29,89.0,102.0,0.0
2025-04-06 16:20:29,217.0,88.0,0.0
2025-04-06 16:20:30,89.0,102.0,0.0
2025-04-06 16:20:30,217.0,88.0,0.0
2025-04-06 16:20:30,89.0,102.0,0.0
2025-04-06 16:20:30,217.0,88.0,0.0
2025-04-06 16:20:30,89.0,102.0,0.0
2025-04-06 16:20:30,217.0,88.0,0.0
2025-04-06 16:20:30,89.0,102.0,0.0
2025-04-06 16:20:30,217.0,88.0,0.0
2025-04-06 16:20:30,89.0,102.0,0.0
2025-04-06 16:20:30,217.0,88.0,0.0
2025-04-06 16:20:30,89.0,102.0,0.0
2025-04-06 16:20:30,217.0,88.0,0.0
2025-04-06 16:20:30,89.0,102.0,0.0
2025-04-06 16:20:30,217.0,88.0,0.0
2025-04-06 16:20:30,89.0,102.0,0.0
2025-04-06 16:20:30,217.0,88.0,0.0
2025-04-06 16:20:30,89.0,102.0,0.0
2025-04-06 16:20:30,217.0,88.0,0.0
2025-04-06 16:20:30,89.0,102.0,0.0
2025-04-06 16:20:30,217.0,88.0,0.0
2025-04-06 16:20:30,89.0,102.0,0.0
2025-04-06 16:20:30,217.0,88.0,0.0
2025-04-06 16:20:30,89.0,102.0,0.0
2025-04-06 16:20:30,217.0,88.0,0.0
2025-04-06 16:20:30,89.0,102.0,0.0
2025-04-06 16:20:30,217.0,88.0,0.0
2025-04-06 16:20:30,89.0,102.0,0.0
2025-04-06 16:20:30,217.0,88.0,0.0
2025-04-06 16:20:30,89.0,102.0,0.0
2025-04-06 16:20:30,217.0,88.0,0.0
2025-04-06 16:20:30,89.0,102.0,0.0
2025-04-06 16:20:30,217.0,88.0,0.0
2025-04-06 16:20:30,89.0,102.0,0.0
2025-04-06 16:20:30,217.0,88.0,0.0
2025-04-06 16:20:31,89.0,102.0,0.0
2025-04-06 16:20:31,217.0,88.0,0.0
2025-04-06 16:20:31,89.0,102.0,0.0
2025-04-06 16:20:31,217.0,88.0,0.0
2025-04-06 16:20:31,89.0,102.0,0.0
2025-04-06 16:20:31,217.0,88.0,0.0
2025-04-06 16:20:31,89.0,102.0,0.0
2025-04-06 16:20:31,217.0,88.0,0.0
2025-04-06 16:20:31,89.0,102.0,0.0
2025-04-06 16:20:31,217.0,88.0,0.0
2025-04-06 16:20:31,89.0,102.0,0.0
2025-04-06 16:20:31,217.0,88.0,0.0
2025-04-06 16:20:31,89.0,102.0,0.0
2025-04-06 16:20:31,217.0,88.0,0.0
2025-04-06 16:20:31,89.0,102.0,0.0
2025-04-06 16:20:31,217.0,88.0,0.0
2025-04-06 16:20:32,89.0,102.0,0.0
2025-04-06 16:20:32,217.0,88.0,0.0
2025-04-06 16:20:32,89.0,102.0,0.0
2025-04-06 16:20:32,217.0,88.0,0.0
2025-04-06 16:20:32,89.0,102.0,0.0
2025-04-06 16:20:32,217.0,88.0,0.0
2025-04-06 16:20:32,89.0,102.0,0.0
2025-04-06 16:20:32,217.0,88.0,0.0
2025-04-06 16:20:32,89.0,102.0,0.0
2025-04-06 16:20:32,217.0,88.0,0.0
2025-04-06 16:20:32,89.0,102.0,0.0
2025-04-06 16:20:32,217.0,88.0,0.0
2025-04-06 16:20:32,89.0,102.0,0.0
2025-04-06 16:20:32,217.0,88.0,0.0
2025-04-06 16:20:32,89.0,102.0,0.0
2025-04-06 16:20:32,217.0,88.0,0.0
2025-04-06 16:20:32,89.0,102.0,0.0
2025-04-06 16:20:32,217.0,88.0,0.0
2025-04-06 16:20:33,89.0,102.0,0.0
2025-04-06 16:20:33,217.0,88.0,0.0
2025-04-06 16:20:33,89.0,102.0,0.0
2025-04-06 16:20:33,217.0,88.0,0.0
2025-04-06 16:20:33,89.0,102.0,0.0
2025-04-06 16:20:33,217.0,88.0,0.0
2025-04-06 16:20:33,89.0,102.0,0.0
2025-04-06 16:20:33,217.0,88.0,0.0
2025-04-06 16:20:33,89.0,102.0,0.0
2025-04-06 16:20:33,217.0,88.0,0.0
2025-04-06 16:20:33,89.0,102.0,0.0
2025-04-06 16:20:33,217.0,88.0,0.0
2025-04-06 16:20:33,89.0,102.0,0.0
2025-04-06 16:20:33,217.0,88.0,0.0
2025-04-06 16:20:33,89.0,102.0,0.0
2025-04-06 16:20:33,217.0,88.0,0.0
2025-04-06 16:20:34,89.0,102.0,0.0
2025-04-06 16:20:34,217.0,88.0,0.0
2025-04-06 16:20:34,89.0,102.0,0.0
2025-04-06 16:20:34,217.0,88.0,0.0
2025-04-06 16:20:34,89.0,102.0,0.0
2025-04-06 16:20:34,217.0,88.0,0.0
2025-04-06 16:20:34,89.0,102.0,0.0
2025-04-06 16:20:34,217.0,88.0,0.0
2025-04-06 16:20:34,89.0,102.0,0.0
2025-04-06 16:20:34,217.0,88.0,0.0
2025-04-06 16:20:34,89.0,102.0,0.0
2025-04-06 16:20:34,217.0,88.0,0.0
2025-04-06 16:20:34,89.0,102.0,0.0
2025-04-06 16:20:34,217.0,88.0,0.0
2025-04-06 16:20:34,89.0,102.0,0.0
2025-04-06 16:20:34,217.0,88.0,0.0
2025-04-06 16:20:34,89.0,102.0,0.0
2025-04-06 16:20:34,217.0,88.0,0.0
2025-04-06 16:20:36,89.0,102.0,0.0
2025-04-06 16:20:36,217.0,88.0,0.0
2025-04-06 16:20:36,89.0,102.0,0.0
2025-04-06 16:20:36,217.0,88.0,0.0
2025-04-06 16:20:36,89.0,102.0,0.0
2025-04-06 16:20:36,217.0,88.0,0.0
2025-04-06 16:20:36,89.0,102.0,0.0
2025-04-06 16:20:36,217.0,88.0,0.0
2025-04-06 16:20:36,89.0,102.0,0.0
2025-04-06 16:20:36,217.0,88.0,0.0
2025-04-06 16:20:36,89.0,102.0,0.0
2025-04-06 16:20:36,217.0,88.0,0.0
2025-04-06 16:20:36,89.0,102.0,0.0
2025-04-06 16:20:36,217.0,88.0,0.0
2025-04-06 16:20:36,89.0,102.0,0.0
2025-04-06 16:20:36,217.0,88.0,0.0
2025-04-06 16:20:36,89.0,102.0,0.0
2025-04-06 16:20:36,217.0,88.0,0.0
2025-04-06 16:20:36,89.0,102.0,0.0
2025-04-06 16:20:36,217.0,88.0,0.0
2025-04-06 16:20:36,89.0,102.0,0.0
2025-04-06 16:20:36,217.0,88.0,0.0
2025-04-06 16:20:36,89.0,102.0,0.0
2025-04-06 16:20:36,217.0,88.0,0.0
2025-04-06 16:20:36,89.0,102.0,0.0
2025-04-06 16:20:36,217.0,88.0,0.0
2025-04-06 16:20:37,89.0,102.0,0.0
2025-04-06 16:20:37,217.0,88.0,0.0
2025-04-06 16:20:37,89.0,102.0,0.0
2025-04-06 16:20:37,217.0,88.0,0.0
2025-04-06 16:20:37,89.0,102.0,0.0
2025-04-06 16:20:37,217.0,88.0,0.0
2025-04-06 16:20:37,89.0,102.0,0.0
2025-04-06 16:20:37,217.0,88.0,0.0
2025-04-06 16:20:37,89.0,102.0,0.0
2025-04-06 16:20:37,217.0,88.0,0.0
2025-04-06 16:20:37,89.0,102.0,0.0
2025-04-06 16:20:37,217.0,88.0,0.0
2025-04-06 16:20:37,89.0,102.0,0.0
2025-04-06 16:20:37,217.0,88.0,0.0
2025-04-06 16:20:37,89.0,102.0,0.0
2025-04-06 16:20:37,217.0,88.0,0.0
2025-04-06 16:20:37,89.0,102.0,0.0
2025-04-06 16:20:37,217.0,88.0,0.0
2025-04-06 16:20:38,173.0,88.0,0.0
2025-04-06 16:20:38,172.0,88.0,0.0
2025-04-06 16:20:38,170.0,99.0,0.0
2025-04-06 16:20:38,266.0,100.0,0.0
2025-04-06 16:20:38,113.0,88.0,0.0
2025-04-06 16:20:38,274.0,100.0,0.0
2025-04-06 16:20:38,154.0,88.0,0.0
2025-04-06 16:20:38,271.0,100.0,0.0
2025-04-06 16:20:38,114.0,88.0,0.0
2025-04-06 16:20:38,294.0,115.0,0.0
2025-04-06 16:20:38,39.0,101.0,0.0
2025-04-06 16:20:38,188.0,88.0,0.0
2025-04-06 16:20:38,188.0,99.0,0.0
2025-04-06 16:20:39,261.0,100.0,0.0
2025-04-06 16:20:39,139.0,88.0,0.0
2025-04-06 16:20:39,190.0,106.0,0.0
2025-04-06 16:20:39,250.0,99.0,0.0
2025-04-06 16:20:39,102.0,88.0,0.0
2025-04-06 16:20:39,261.0,108.0,0.0
2025-04-06 16:20:39,130.0,88.0,0.0
2025-04-06 16:20:39,184.0,104.0,0.0
2025-04-06 16:20:39,258.0,107.0,0.0
2025-04-06 16:20:39,90.0,88.0,0.0
2025-04-06 16:20:39,256.0,108.0,0.0
2025-04-06 16:20:39,149.0,88.0,0.0
2025-04-06 16:20:39,243.0,100.0,0.0
2025-04-06 16:20:39,115.0,88.0,0.0
2025-04-06 16:20:39,294.0,123.0,0.0
2025-04-06 16:20:39,232.0,98.0,0.0
2025-04-06 16:20:39,108.0,88.0,0.0
2025-04-06 16:20:39,284.0,131.0,0.0
2025-04-06 16:20:39,140.0,98.0,0.0
2025-04-06 16:20:40,284.0,131.0,0.0
2025-04-06 16:20:40,140.0,98.0,0.0
2025-04-06 16:20:40,284.0,131.0,0.0
2025-04-06 16:20:40,140.0,98.0,0.0
2025-04-06 16:20:40,284.0,131.0,0.0
2025-04-06 16:20:40,140.0,98.0,0.0
2025-04-06 16:20:40,284.0,131.0,0.0
2025-04-06 16:20:40,140.0,98.0,0.0
2025-04-06 16:20:40,284.0,131.0,0.0
2025-04-06 16:20:40,140.0,98.0,0.0
2025-04-06 16:20:40,284.0,131.0,0.0
2025-04-06 16:20:40,140.0,98.0,0.0
2025-04-06 16:20:40,284.0,131.0,0.0
2025-04-06 16:20:40,140.0,98.0,0.0
2025-04-06 16:20:40,284.0,131.0,0.0
2025-04-06 16:20:40,140.0,98.0,0.0
2025-04-06 16:20:41,284.0,131.0,0.0
2025-04-06 16:20:41,140.0,98.0,0.0
2025-04-06 16:20:41,284.0,131.0,0.0
2025-04-06 16:20:41,140.0,98.0,0.0
2025-04-06 16:20:41,284.0,131.0,0.0
2025-04-06 16:20:41,140.0,98.0,0.0
2025-04-06 16:20:41,284.0,131.0,0.0
2025-04-06 16:20:41,140.0,98.0,0.0
2025-04-06 16:20:41,284.0,131.0,0.0
2025-04-06 16:20:41,140.0,98.0,0.0
2025-04-06 16:20:41,284.0,131.0,0.0
2025-04-06 16:20:41,140.0,98.0,0.0
2025-04-06 16:20:41,284.0,131.0,0.0
2025-04-06 16:20:41,140.0,98.0,0.0
2025-04-06 16:20:43,284.0,131.0,0.0
2025-04-06 16:20:43,140.0,98.0,0.0
2025-04-06 16:20:43,273.0,124.0,0.0
2025-04-06 16:20:43,126.0,88.0,0.0
2025-04-06 16:20:43,283.0,131.0,0.0
2025-04-06 16:20:43,135.0,99.0,0.0
2025-04-06 16:20:43,278.0,131.0,0.0
2025-04-06 16:20:43,133.0,98.0,0.0
2025-04-06 16:20:43,287.0,124.0,0.0
2025-04-06 16:20:43,208.0,88.0,0.0
2025-04-06 16:20:43,92.0,88.0,0.0
2025-04-06 16:20:43,266.0,117.0,0.0
2025-04-06 16:20:43,204.0,88.0,0.0
2025-04-06 16:20:43,127.0,88.0,0.0
2025-04-06 16:20:43,247.0,106.0,0.0
2025-04-06 16:20:43,87.0,88.0,0.0
2025-04-06 16:20:43,160.0,108.0,0.0
2025-04-06 16:20:43,268.0,123.0,0.0
2025-04-06 16:20:43,187.0,88.0,0.0
2025-04-06 16:20:43,73.0,88.0,0.0
2025-04-06 16:20:43,277.0,124.0,0.0
2025-04-06 16:20:43,121.0,98.0,0.0
2025-04-06 16:20:43,237.0,106.0,0.0
2025-04-06 16:20:43,76.0,88.0,0.0
2025-04-06 16:20:43,264.0,131.0,0.0
2025-04-06 16:20:43,196.0,102.0,0.0
2025-04-06 16:20:43,78.0,88.0,0.0
2025-04-06 16:20:43,221.0,123.0,0.0
2025-04-06 16:20:43,179.0,88.0,0.0
2025-04-06 16:20:43,73.0,88.0,0.0
2025-04-06 16:20:43,235.0,106.0,0.0
2025-04-06 16:20:43,101.0,88.0,0.0
2025-04-06 16:20:43,266.0,123.0,0.0
2025-04-06 16:20:43,103.0,88.0,0.0
2025-04-06 16:20:43,155.0,99.0,0.0
2025-04-06 16:20:44,247.0,130.0,0.0
2025-04-06 16:20:44,269.0,75.0,0.0
2025-04-06 16:20:44,170.0,88.0,0.0
2025-04-06 16:20:44,66.0,89.0,0.0
2025-04-06 16:20:44,219.0,98.0,0.0
2025-04-06 16:20:44,86.0,89.0,0.0
2025-04-06 16:20:44,219.0,98.0,0.0
2025-04-06 16:20:44,86.0,89.0,0.0
2025-04-06 16:20:44,219.0,98.0,0.0
2025-04-06 16:20:44,86.0,89.0,0.0
2025-04-06 16:20:44,219.0,98.0,0.0
2025-04-06 16:20:44,86.0,89.0,0.0
2025-04-06 16:20:44,219.0,98.0,0.0
2025-04-06 16:20:44,86.0,89.0,0.0
2025-04-06 16:20:44,219.0,98.0,0.0
2025-04-06 16:20:44,86.0,89.0,0.0
2025-04-06 16:20:44,219.0,98.0,0.0
2025-04-06 16:20:44,86.0,89.0,0.0
2025-04-06 16:20:44,219.0,98.0,0.0
2025-04-06 16:20:44,86.0,89.0,0.0
2025-04-06 16:20:45,219.0,98.0,0.0
2025-04-06 16:20:45,86.0,89.0,0.0
2025-04-06 16:20:45,219.0,98.0,0.0
2025-04-06 16:20:45,86.0,89.0,0.0
2025-04-06 16:20:45,219.0,98.0,0.0
2025-04-06 16:20:45,86.0,89.0,0.0
2025-04-06 16:20:45,219.0,98.0,0.0
2025-04-06 16:20:45,86.0,89.0,0.0
2025-04-06 16:20:45,219.0,98.0,0.0
2025-04-06 16:20:45,86.0,89.0,0.0
2025-04-06 16:20:45,219.0,98.0,0.0
2025-04-06 16:20:45,86.0,89.0,0.0
2025-04-06 16:20:45,219.0,98.0,0.0
2025-04-06 16:20:45,86.0,89.0,0.0
2025-04-06 16:20:45,219.0,98.0,0.0
2025-04-06 16:20:45,86.0,89.0,0.0
2025-04-06 16:20:45,219.0,98.0,0.0
2025-04-06 16:20:45,86.0,89.0,0.0
2025-04-06 16:20:46,219.0,98.0,0.0
2025-04-06 16:20:46,86.0,89.0,0.0
2025-04-06 16:20:46,219.0,98.0,0.0
2025-04-06 16:20:46,86.0,89.0,0.0
2025-04-06 16:20:46,219.0,98.0,0.0
2025-04-06 16:20:46,86.0,89.0,0.0
2025-04-06 16:20:46,219.0,98.0,0.0
2025-04-06 16:20:46,86.0,89.0,0.0
2025-04-06 16:20:46,219.0,98.0,0.0
2025-04-06 16:20:46,86.0,89.0,0.0
2025-04-06 16:20:46,219.0,98.0,0.0
2025-04-06 16:20:46,86.0,89.0,0.0
2025-04-06 16:20:46,219.0,98.0,0.0
2025-04-06 16:20:46,86.0,89.0,0.0
2025-04-06 16:20:46,219.0,98.0,0.0
2025-04-06 16:20:46,86.0,89.0,0.0
2025-04-06 16:20:47,219.0,98.0,0.0
2025-04-06 16:20:47,86.0,89.0,0.0
2025-04-06 16:20:47,219.0,98.0,0.0
2025-04-06 16:20:47,86.0,89.0,0.0
2025-04-06 16:20:47,219.0,98.0,0.0
2025-04-06 16:20:47,86.0,89.0,0.0
2025-04-06 16:20:47,219.0,98.0,0.0
2025-04-06 16:20:47,86.0,89.0,0.0
2025-04-06 16:20:47,219.0,98.0,0.0
2025-04-06 16:20:47,86.0,89.0,0.0
2025-04-06 16:20:47,219.0,98.0,0.0
2025-04-06 16:20:47,86.0,89.0,0.0
2025-04-06 16:20:47,219.0,98.0,0.0
2025-04-06 16:20:47,86.0,89.0,0.0
2025-04-06 16:20:47,219.0,98.0,0.0
2025-04-06 16:20:47,86.0,89.0,0.0
2025-04-06 16:20:48,219.0,98.0,0.0
2025-04-06 16:20:48,86.0,89.0,0.0
2025-04-06 16:20:48,219.0,98.0,0.0
2025-04-06 16:20:48,86.0,89.0,0.0
2025-04-06 16:20:48,219.0,98.0,0.0
2025-04-06 16:20:48,86.0,89.0,0.0
2025-04-06 16:20:48,153.0,98.0,0.0
2025-04-06 16:20:50,202.0,123.0,0.0
2025-04-06 16:20:50,165.0,88.0,0.0
2025-04-06 16:20:50,84.0,89.0,0.0
2025-04-06 16:20:50,223.0,126.0,0.0
2025-04-06 16:20:50,89.0,89.0,0.0
2025-04-06 16:20:50,157.0,103.0,0.0
2025-04-06 16:20:50,53.0,89.0,0.0
2025-04-06 16:20:50,220.0,124.0,0.0
2025-04-06 16:20:50,85.0,89.0,0.0
2025-04-06 16:20:50,173.0,134.0,0.0
2025-04-06 16:20:50,231.0,75.0,0.0
2025-04-06 16:20:50,84.0,89.0,0.0
2025-04-06 16:20:50,200.0,115.0,0.0
2025-04-06 16:20:50,89.0,88.0,0.0
2025-04-06 16:20:50,196.0,122.0,0.0
2025-04-06 16:20:50,80.0,89.0,0.0
2025-04-06 16:20:50,79.0,89.0,0.0
2025-04-06 16:20:50,191.0,105.0,0.0
2025-04-06 16:20:50,119.0,88.0,0.0
2025-04-06 16:20:50,185.0,127.0,0.0
2025-04-06 16:20:50,116.0,88.0,0.0
2025-04-06 16:20:50,175.0,130.0,0.0
2025-04-06 16:20:50,101.0,88.0,0.0
2025-04-06 16:20:50,182.0,124.0,0.0
2025-04-06 16:20:50,116.0,88.0,0.0
2025-04-06 16:20:50,182.0,124.0,0.0
2025-04-06 16:20:50,116.0,88.0,0.0
2025-04-06 16:20:50,182.0,124.0,0.0
2025-04-06 16:20:50,116.0,88.0,0.0
2025-04-06 16:20:50,182.0,124.0,0.0
2025-04-06 16:20:50,116.0,88.0,0.0
2025-04-06 16:20:50,182.0,124.0,0.0
2025-04-06 16:20:50,116.0,88.0,0.0
2025-04-06 16:20:50,182.0,124.0,0.0
2025-04-06 16:20:50,116.0,88.0,0.0
2025-04-06 16:20:50,182.0,124.0,0.0
2025-04-06 16:20:50,116.0,88.0,0.0
2025-04-06 16:20:50,182.0,124.0,0.0
2025-04-06 16:20:50,116.0,88.0,0.0
2025-04-06 16:20:51,283.0,118.0,0.0
2025-04-06 16:20:51,182.0,107.0,0.0
2025-04-06 16:20:51,74.0,88.0,0.0
2025-04-06 16:20:51,191.0,131.0,0.0
2025-04-06 16:20:51,282.0,119.0,0.0
2025-04-06 16:20:51,73.0,88.0,0.0
2025-04-06 16:20:51,187.0,130.0,0.0
2025-04-06 16:20:51,72.0,88.0,0.0
2025-04-06 16:20:51,181.0,128.0,0.0
2025-04-06 16:20:51,70.0,88.0,0.0
2025-04-06 16:20:51,170.0,121.0,0.0
2025-04-06 16:20:51,68.0,88.0,0.0
2025-04-06 16:20:51,134.0,115.0,0.0
2025-04-06 16:20:51,195.0,94.0,0.0
2025-04-06 16:20:51,84.0,88.0,0.0
2025-04-06 16:20:51,139.0,128.0,0.0
2025-04-06 16:20:51,94.0,88.0,0.0
2025-04-06 16:20:51,166.0,122.0,0.0
2025-04-06 16:20:51,63.0,88.0,0.0
2025-04-06 16:20:52,269.0,120.0,0.0
2025-04-06 16:20:52,126.0,122.0,0.0
2025-04-06 16:20:52,185.0,76.0,0.0
2025-04-06 16:20:52,86.0,88.0,0.0
2025-04-06 16:20:52,268.0,120.0,0.0
2025-04-06 16:20:52,121.0,121.0,0.0
2025-04-06 16:20:52,266.0,121.0,0.0
2025-04-06 16:20:52,155.0,118.0,0.0
2025-04-06 16:20:52,58.0,88.0,0.0
2025-04-06 16:20:52,75.0,88.0,0.0
2025-04-06 16:20:52,262.0,120.0,0.0
2025-04-06 16:20:52,79.0,105.0,0.0
2025-04-06 16:20:52,149.0,134.0,0.0
2025-04-06 16:20:52,261.0,118.0,0.0
2025-04-06 16:20:52,56.0,88.0,0.0
2025-04-06 16:20:52,258.0,117.0,0.0
2025-04-06 16:20:52,68.0,98.0,0.0
2025-04-06 16:20:52,246.0,121.0,0.0
2025-04-06 16:20:52,282.0,117.0,0.0
2025-04-06 16:20:52,50.0,88.0,0.0
2025-04-06 16:20:53,279.0,117.0,0.0
2025-04-06 16:20:53,94.0,105.0,0.0
2025-04-06 16:20:53,250.0,117.0,0.0
2025-04-06 16:20:53,54.0,89.0,0.0
2025-04-06 16:20:53,250.0,117.0,0.0
2025-04-06 16:20:53,54.0,89.0,0.0
2025-04-06 16:20:53,250.0,117.0,0.0
2025-04-06 16:20:53,54.0,89.0,0.0
2025-04-06 16:20:53,250.0,117.0,0.0
2025-04-06 16:20:53,54.0,89.0,0.0
2025-04-06 16:20:53,250.0,117.0,0.0
2025-04-06 16:20:53,54.0,89.0,0.0
2025-04-06 16:20:53,250.0,117.0,0.0
2025-04-06 16:20:53,54.0,89.0,0.0
2025-04-06 16:20:53,250.0,117.0,0.0
2025-04-06 16:20:53,54.0,89.0,0.0
2025-04-06 16:20:54,250.0,117.0,0.0
2025-04-06 16:20:54,54.0,89.0,0.0
2025-04-06 16:20:54,250.0,117.0,0.0
2025-04-06 16:20:54,54.0,89.0,0.0
2025-04-06 16:20:54,250.0,117.0,0.0
2025-04-06 16:20:54,54.0,89.0,0.0
2025-04-06 16:20:54,250.0,117.0,0.0
2025-04-06 16:20:54,54.0,89.0,0.0
2025-04-06 16:20:54,250.0,117.0,0.0
2025-04-06 16:20:54,54.0,89.0,0.0
2025-04-06 16:20:54,250.0,117.0,0.0
2025-04-06 16:20:54,54.0,89.0,0.0
2025-04-06 16:20:54,250.0,117.0,0.0
2025-04-06 16:20:54,54.0,89.0,0.0
2025-04-06 16:20:54,250.0,117.0,0.0
2025-04-06 16:20:54,54.0,89.0,0.0
2025-04-06 16:20:54,250.0,117.0,0.0
2025-04-06 16:20:54,54.0,89.0,0.0
2025-04-06 16:20:56,281.0,117.0,0.0
2025-04-06 16:20:56,93.0,105.0,0.0
2025-04-06 16:20:56,222.0,121.0,0.0
2025-04-06 16:20:56,261.0,117.0,0.0
2025-04-06 16:20:56,92.0,101.0,0.0
2025-04-06 16:20:56,228.0,117.0,0.0
2025-04-06 16:20:56,105.0,121.0,0.0
2025-04-06 16:20:56,224.0,117.0,0.0
2025-04-06 16:20:56,57.0,104.0,0.0
2025-04-06 16:20:56,220.0,117.0,0.0
2025-04-06 16:20:56,81.0,106.0,0.0
2025-04-06 16:20:56,79.0,106.0,0.0
2025-04-06 16:20:56,48.0,106.0,0.0
2025-04-06 16:20:56,209.0,117.0,0.0
2025-04-06 16:20:56,293.0,118.0,0.0
2025-04-06 16:20:56,76.0,106.0,0.0
2025-04-06 16:20:56,44.0,106.0,0.0
2025-04-06 16:20:56,227.0,117.0,0.0
2025-04-06 16:20:56,35.0,112.0,0.0
2025-04-06 16:20:56,100.0,124.0,0.0
2025-04-06 16:20:56,81.0,133.0,0.0
2025-04-06 16:20:56,195.0,119.0,0.0
2025-04-06 16:20:56,285.0,118.0,0.0
2025-04-06 16:20:56,27.0,111.0,0.0
2025-04-06 16:20:56,284.0,118.0,0.0
2025-04-06 16:20:57,284.0,118.0,0.0
2025-04-06 16:20:57,31.0,112.0,0.0
2025-04-06 16:20:57,284.0,118.0,0.0
2025-04-06 16:20:57,31.0,112.0,0.0
2025-04-06 16:20:57,284.0,118.0,0.0
2025-04-06 16:20:57,31.0,112.0,0.0
2025-04-06 16:20:57,284.0,118.0,0.0
2025-04-06 16:20:57,31.0,112.0,0.0
2025-04-06 16:20:57,284.0,118.0,0.0
2025-04-06 16:20:57,31.0,112.0,0.0
2025-04-06 16:20:57,284.0,118.0,0.0
2025-04-06 16:20:57,31.0,112.0,0.0
2025-04-06 16:20:57,284.0,118.0,0.0
2025-04-06 16:20:57,31.0,112.0,0.0
2025-04-06 16:20:57,284.0,118.0,0.0
2025-04-06 16:20:57,31.0,112.0,0.0
2025-04-06 16:20:58,284.0,118.0,0.0
2025-04-06 16:20:58,31.0,112.0,0.0
2025-04-06 16:20:58,284.0,118.0,0.0
2025-04-06 16:20:58,31.0,112.0,0.0
2025-04-06 16:20:58,284.0,118.0,0.0
2025-04-06 16:20:58,31.0,112.0,0.0
2025-04-06 16:20:58,284.0,118.0,0.0
2025-04-06 16:20:58,31.0,112.0,0.0
2025-04-06 16:20:58,284.0,118.0,0.0
2025-04-06 16:20:58,31.0,112.0,0.0
2025-04-06 16:20:58,284.0,118.0,0.0
2025-04-06 16:20:58,31.0,112.0,0.0
2025-04-06 16:20:58,284.0,118.0,0.0
2025-04-06 16:20:58,31.0,112.0,0.0
2025-04-06 16:20:58,284.0,118.0,0.0
2025-04-06 16:20:58,31.0,112.0,0.0
2025-04-06 16:20:58,284.0,118.0,0.0
2025-04-06 16:20:58,31.0,112.0,0.0
2025-04-06 16:20:59,284.0,118.0,0.0
2025-04-06 16:20:59,31.0,112.0,0.0
2025-04-06 16:20:59,284.0,118.0,0.0
2025-04-06 16:20:59,31.0,112.0,0.0
2025-04-06 16:20:59,284.0,118.0,0.0
2025-04-06 16:20:59,31.0,112.0,0.0
2025-04-06 16:20:59,284.0,118.0,0.0
2025-04-06 16:20:59,31.0,112.0,0.0
2025-04-06 16:20:59,284.0,118.0,0.0
2025-04-06 16:20:59,31.0,112.0,0.0
2025-04-06 16:20:59,284.0,118.0,0.0
2025-04-06 16:20:59,31.0,112.0,0.0
2025-04-06 16:20:59,284.0,118.0,0.0
2025-04-06 16:20:59,31.0,112.0,0.0
2025-04-06 16:20:59,284.0,118.0,0.0
2025-04-06 16:20:59,31.0,112.0,0.0
2025-04-06 16:21:00,284.0,118.0,0.0
2025-04-06 16:21:00,31.0,112.0,0.0
2025-04-06 16:21:00,284.0,118.0,0.0
2025-04-06 16:21:00,31.0,112.0,0.0
2025-04-06 16:21:00,284.0,118.0,0.0
2025-04-06 16:21:00,31.0,112.0,0.0
2025-04-06 16:21:00,284.0,118.0,0.0
2025-04-06 16:21:00,31.0,112.0,0.0
2025-04-06 16:21:00,193.0,119.0,0.0
2025-04-06 16:21:00,75.0,120.0,0.0
2025-04-06 16:21:00,67.0,132.0,0.0
2025-04-06 16:21:00,283.0,118.0,0.0
2025-04-06 16:21:00,51.0,122.0,0.0
2025-04-06 16:21:00,47.0,132.0,0.0
2025-04-06 16:21:01,60.0,134.0,0.0
2025-04-06 16:21:01,277.0,117.0,0.0
2025-04-06 16:21:01,93.0,75.0,0.0
2025-04-06 16:21:01,58.0,124.0,0.0
2025-04-06 16:21:01,275.0,117.0,0.0
2025-04-06 16:21:01,30.0,133.0,0.0
2025-04-06 16:21:01,173.0,119.0,0.0
2025-04-06 16:21:01,273.0,117.0,0.0
2025-04-06 16:21:01,25.0,133.0,0.0
2025-04-06 16:21:01,55.0,133.0,0.0
2025-04-06 16:21:01,54.0,133.0,0.0
2025-04-06 16:21:03,47.0,133.0,0.0
2025-04-06 16:21:03,266.0,118.0,0.0
2025-04-06 16:21:03,27.0,125.0,0.0
2025-04-06 16:21:03,142.0,120.0,0.0
2025-04-06 16:21:03,255.0,118.0,0.0
2025-04-06 16:21:03,52.0,75.0,0.0
2025-04-06 16:21:03,139.0,120.0,0.0
2025-04-06 16:21:03,252.0,118.0,0.0
2025-04-06 16:21:03,41.0,124.0,0.0
2025-04-06 16:21:03,41.0,124.0,0.0
2025-04-06 16:21:03,41.0,124.0,0.0
2025-04-06 16:21:03,41.0,124.0,0.0
2025-04-06 16:21:03,41.0,124.0,0.0
2025-04-06 16:21:03,41.0,124.0,0.0
2025-04-06 16:21:03,41.0,124.0,0.0
2025-04-06 16:21:03,41.0,124.0,0.0
2025-04-06 16:21:03,41.0,124.0,0.0
2025-04-06 16:21:03,41.0,124.0,0.0
2025-04-06 16:21:03,41.0,124.0,0.0
2025-04-06 16:21:03,41.0,124.0,0.0
2025-04-06 16:21:03,41.0,124.0,0.0
2025-04-06 16:21:03,41.0,124.0,0.0
2025-04-06 16:21:04,41.0,124.0,0.0
2025-04-06 16:21:04,41.0,124.0,0.0
2025-04-06 16:21:04,41.0,124.0,0.0
2025-04-06 16:21:04,41.0,124.0,0.0
2025-04-06 16:21:04,41.0,124.0,0.0
2025-04-06 16:21:04,41.0,124.0,0.0
2025-04-06 16:21:04,41.0,124.0,0.0
2025-04-06 16:21:04,41.0,124.0,0.0
2025-04-06 16:21:05,41.0,124.0,0.0
2025-04-06 16:21:05,41.0,124.0,0.0
2025-04-06 16:21:05,131.0,121.0,0.0
2025-04-06 16:21:05,252.0,118.0,0.0
2025-04-06 16:21:05,40.0,131.0,0.0
2025-04-06 16:21:05,125.0,121.0,0.0
2025-04-06 16:21:05,130.0,120.0,0.0
2025-04-06 16:21:05,119.0,121.0,0.0
2025-04-06 16:21:06,108.0,122.0,0.0
2025-04-06 16:21:06,105.0,120.0,0.0
2025-04-06 16:21:07,83.0,119.0,0.0
2025-04-06 16:21:07,83.0,119.0,0.0
2025-04-06 16:21:07,83.0,119.0,0.0
2025-04-06 16:21:07,83.0,119.0,0.0
2025-04-06 16:21:07,83.0,119.0,0.0
2025-04-06 16:21:07,83.0,119.0,0.0
2025-04-06 16:21:07,83.0,119.0,0.0
2025-04-06 16:21:07,83.0,119.0,0.0
2025-04-06 16:21:07,83.0,119.0,0.0
2025-04-06 16:21:08,83.0,119.0,0.0
2025-04-06 16:21:08,83.0,119.0,0.0
2025-04-06 16:21:08,83.0,119.0,0.0
2025-04-06 16:21:10,83.0,119.0,0.0
2025-04-06 16:21:10,83.0,119.0,0.0
2025-04-06 16:21:10,83.0,119.0,0.0
2025-04-06 16:21:10,83.0,119.0,0.0
2025-04-06 16:21:10,83.0,119.0,0.0
2025-04-06 16:21:10,83.0,119.0,0.0
2025-04-06 16:21:10,83.0,119.0,0.0
2025-04-06 16:21:10,83.0,119.0,0.0
2025-04-06 16:21:10,83.0,119.0,0.0
2025-04-06 16:21:10,83.0,119.0,0.0
2025-04-06 16:21:10,83.0,119.0,0.0
2025-04-06 16:21:10,83.0,119.0,0.0
2025-04-06 16:21:10,83.0,119.0,0.0
2025-04-06 16:21:10,83.0,119.0,0.0
2025-04-06 16:21:10,83.0,119.0,0.0
2025-04-06 16:21:10,83.0,119.0,0.0
2025-04-06 16:21:10,83.0,119.0,0.0
2025-04-06 16:21:10,83.0,119.0,0.0
2025-04-06 16:21:10,83.0,119.0,0.0
2025-04-06 16:21:10,83.0,119.0,0.0
2025-04-06 16:21:11,83.0,119.0,0.0
2025-04-06 16:21:11,83.0,119.0,0.0
2025-04-06 16:21:11,83.0,119.0,0.0
2025-04-06 16:21:11,83.0,119.0,0.0
2025-04-06 16:21:11,83.0,119.0,0.0
2025-04-06 16:21:11,83.0,119.0,0.0
2025-04-06 16:21:11,83.0,119.0,0.0
2025-04-06 16:21:11,83.0,119.0,0.0
2025-04-06 16:21:11,83.0,119.0,0.0
2025-04-06 16:21:12,83.0,119.0,0.0
2025-04-06 16:21:12,83.0,119.0,0.0
2025-04-06 16:21:12,83.0,119.0,0.0
2025-04-06 16:21:12,83.0,119.0,0.0
2025-04-06 16:21:12,83.0,119.0,0.0
2025-04-06 16:21:12,83.0,119.0,0.0
2025-04-06 16:21:12,83.0,119.0,0.0
2025-04-06 16:21:12,83.0,119.0,0.0
2025-04-06 16:21:12,83.0,119.0,0.0
2025-04-06 16:21:13,83.0,119.0,0.0
2025-04-06 16:21:13,83.0,119.0,0.0
2025-04-06 16:21:13,83.0,119.0,0.0
2025-04-06 16:21:13,83.0,119.0,0.0
2025-04-06 16:21:13,83.0,119.0,0.0
2025-04-06 16:21:13,83.0,119.0,0.0
2025-04-06 16:21:13,83.0,119.0,0.0
2025-04-06 16:21:13,83.0,119.0,0.0
2025-04-06 16:21:13,83.0,119.0,0.0
2025-04-06 16:21:14,83.0,119.0,0.0
2025-04-06 16:21:14,83.0,119.0,0.0
2025-04-06 16:21:14,83.0,119.0,0.0
2025-04-06 16:21:14,83.0,119.0,0.0
2025-04-06 16:21:14,83.0,119.0,0.0
2025-04-06 16:21:14,83.0,119.0,0.0
2025-04-06 16:21:14,83.0,119.0,0.0
2025-04-06 16:21:14,83.0,119.0,0.0
2025-04-06 16:21:14,83.0,119.0,0.0
2025-04-06 16:21:14,83.0,119.0,0.0
2025-04-06 16:21:16,83.0,119.0,0.0
2025-04-06 16:21:16,83.0,119.0,0.0
2025-04-06 16:21:16,83.0,119.0,0.0
2025-04-06 16:21:16,83.0,119.0,0.0
2025-04-06 16:21:16,83.0,119.0,0.0
2025-04-06 16:21:16,83.0,119.0,0.0
2025-04-06 16:21:16,83.0,119.0,0.0
2025-04-06 16:21:16,83.0,119.0,0.0
2025-04-06 16:21:16,83.0,119.0,0.0
2025-04-06 16:21:16,83.0,119.0,0.0
2025-04-06 16:21:16,83.0,119.0,0.0
2025-04-06 16:21:16,83.0,119.0,0.0
2025-04-06 16:22:21,171.0,88.0,0.0
2025-04-06 16:22:21,171.0,88.0,0.0
2025-04-06 16:22:21,171.0,88.0,0.0
2025-04-06 16:22:21,171.0,88.0,0.0
2025-04-06 16:22:21,171.0,88.0,0.0
2025-04-06 16:22:21,171.0,88.0,0.0
2025-04-06 16:22:21,171.0,88.0,0.0
2025-04-06 16:22:21,171.0,88.0,0.0
2025-04-06 16:22:21,171.0,88.0,0.0
2025-04-06 16:22:21,171.0,88.0,0.0
2025-04-06 16:22:21,171.0,88.0,0.0
2025-04-06 16:22:21,171.0,88.0,0.0
2025-04-06 16:22:21,171.0,88.0,0.0
2025-04-06 16:22:21,171.0,88.0,0.0
2025-04-06 16:22:21,171.0,88.0,0.0
2025-04-06 16:22:21,171.0,88.0,0.0
2025-04-06 16:22:22,171.0,88.0,0.0
2025-04-06 16:22:22,171.0,88.0,0.0
2025-04-06 16:22:22,171.0,88.0,0.0
2025-04-06 16:22:22,171.0,88.0,0.0
2025-04-06 16:22:26,171.0,88.0,0.0
2025-04-06 16:22:26,171.0,88.0,0.0
2025-04-06 16:22:26,171.0,88.0,0.0
2025-04-06 16:22:26,171.0,88.0,0.0
2025-04-06 16:22:26,171.0,88.0,0.0
2025-04-06 16:22:26,171.0,88.0,0.0
2025-04-06 16:22:26,171.0,88.0,0.0
2025-04-06 16:22:26,171.0,88.0,0.0
2025-04-06 16:22:26,171.0,88.0,0.0
2025-04-06 16:22:26,171.0,88.0,0.0
2025-04-06 16:22:26,171.0,88.0,0.0
2025-04-06 16:22:26,171.0,88.0,0.0
2025-04-06 16:22:26,171.0,88.0,0.0
2025-04-06 16:22:26,171.0,88.0,0.0
2025-04-06 16:22:26,171.0,88.0,0.0
2025-04-06 16:22:26,171.0,88.0,0.0
2025-04-06 16:22:26,171.0,88.0,0.0
2025-04-06 16:22:27,171.0,88.0,0.0
2025-04-06 16:22:27,171.0,88.0,0.0
2025-04-06 16:22:27,171.0,88.0,0.0
2025-04-06 16:22:27,171.0,88.0,0.0
2025-04-06 16:22:27,171.0,88.0,0.0
2025-04-06 16:22:27,171.0,88.0,0.0
2025-04-06 16:22:27,171.0,88.0,0.0
2025-04-06 16:22:27,171.0,88.0,0.0
2025-04-06 16:22:28,171.0,88.0,0.0
2025-04-06 16:22:28,171.0,88.0,0.0
2025-04-06 16:22:28,171.0,88.0,0.0
2025-04-06 16:22:28,171.0,88.0,0.0
2025-04-06 16:22:28,171.0,88.0,0.0
2025-04-06 16:22:28,171.0,88.0,0.0
2025-04-06 16:22:28,171.0,88.0,0.0
2025-04-06 16:22:28,171.0,88.0,0.0
2025-04-06 16:22:29,171.0,88.0,0.0
2025-04-06 16:22:29,171.0,88.0,0.0
2025-04-06 16:22:29,171.0,88.0,0.0
2025-04-06 16:22:29,171.0,88.0,0.0
2025-04-06 16:22:29,171.0,88.0,0.0
2025-04-06 16:22:29,171.0,88.0,0.0
2025-04-06 16:22:29,171.0,88.0,0.0
2025-04-06 16:22:29,171.0,88.0,0.0
2025-04-06 16:22:30,171.0,88.0,0.0
2025-04-06 16:22:30,171.0,88.0,0.0
2025-04-06 16:22:30,171.0,88.0,0.0
2025-04-06 16:22:30,171.0,88.0,0.0
2025-04-06 16:22:30,171.0,88.0,0.0
2025-04-06 16:22:30,171.0,88.0,0.0
2025-04-06 16:22:30,171.0,88.0,0.0
2025-04-06 16:22:31,171.0,88.0,0.0
2025-04-06 16:22:31,171.0,88.0,0.0
2025-04-06 16:22:32,171.0,88.0,0.0
2025-04-06 16:22:32,171.0,88.0,0.0
2025-04-06 16:22:32,171.0,88.0,0.0
2025-04-06 16:22:32,171.0,88.0,0.0
2025-04-06 16:22:32,171.0,88.0,0.0
2025-04-06 16:22:33,171.0,88.0,0.0
2025-04-06 16:22:33,171.0,88.0,0.0
2025-04-06 16:22:33,171.0,88.0,0.0
2025-04-06 16:22:33,171.0,88.0,0.0
2025-04-06 16:22:33,171.0,88.0,0.0
2025-04-06 16:22:33,171.0,88.0,0.0
2025-04-06 16:22:33,171.0,88.0,0.0
2025-04-06 16:22:33,171.0,88.0,0.0
2025-04-06 16:22:33,171.0,88.0,0.0
2025-04-06 16:22:33,171.0,88.0,0.0
2025-04-06 16:22:33,171.0,88.0,0.0
2025-04-06 16:22:33,171.0,88.0,0.0
2025-04-06 16:22:33,171.0,88.0,0.0
2025-04-06 16:22:34,171.0,88.0,0.0
2025-04-06 16:22:34,171.0,88.0,0.0
2025-04-06 16:22:34,171.0,88.0,0.0
2025-04-06 16:22:34,171.0,88.0,0.0
2025-04-06 16:22:34,171.0,88.0,0.0
2025-04-06 16:22:34,171.0,88.0,0.0
2025-04-06 16:22:34,171.0,88.0,0.0
2025-04-06 16:22:35,171.0,88.0,0.0
2025-04-06 16:22:35,171.0,88.0,0.0
